datetime,price
2024-05-16 08:00:00,530.42
2024-05-16 08:01:00,530.41
2024-05-16 08:02:00,530.43
2024-05-16 08:04:00,530.42
2024-05-16 08:06:00,530.4
2024-05-16 08:07:00,530.45
2024-05-16 08:13:00,530.3
2024-05-16 08:14:00,530.28
2024-05-16 08:15:00,530.19
2024-05-16 08:18:00,530.25
2024-05-16 08:19:00,530.27
2024-05-16 08:20:00,530.22
2024-05-16 08:21:00,530.23
2024-05-16 08:23:00,530.23
2024-05-16 08:24:00,530.22
2024-05-16 08:25:00,530.23
2024-05-16 08:27:00,530.25
2024-05-16 08:29:00,530.18
2024-05-16 08:30:00,530.25
2024-05-16 08:31:00,530.22
2024-05-16 08:32:00,530.21
2024-05-16 08:35:00,530.24
2024-05-16 08:41:00,530.38
2024-05-16 08:42:00,530.34
2024-05-16 08:44:00,530.31
2024-05-16 08:47:00,530.38
2024-05-16 08:48:00,530.35
2024-05-16 08:52:00,530.35
2024-05-16 08:55:00,530.35
2024-05-16 09:00:00,530.31
2024-05-16 09:02:00,530.28
2024-05-16 09:05:00,530.31
2024-05-16 09:06:00,530.32
2024-05-16 09:07:00,530.33
2024-05-16 09:16:00,530.41
2024-05-16 09:23:00,530.46
2024-05-16 09:28:00,530.37
2024-05-16 09:29:00,530.36
2024-05-16 09:30:00,530.28
2024-05-16 09:34:00,530.25
2024-05-16 09:39:00,530.29
2024-05-16 09:41:00,530.26
2024-05-16 09:43:00,530.27
2024-05-16 09:44:00,530.31
2024-05-16 09:49:00,530.4
2024-05-16 09:53:00,530.33
2024-05-16 09:55:00,530.33
2024-05-16 09:59:00,530.23
2024-05-16 10:02:00,530.33
2024-05-16 10:04:00,530.29
2024-05-16 10:05:00,530.24
2024-05-16 10:06:00,530.28
2024-05-16 10:08:00,530.25
2024-05-16 10:09:00,530.21
2024-05-16 10:11:00,530.25
2024-05-16 10:15:00,530.22
2024-05-16 10:16:00,530.19
2024-05-16 10:17:00,530.16
2024-05-16 10:24:00,530.17
2024-05-16 10:26:00,530.14
2024-05-16 10:27:00,530.12
2024-05-16 10:28:00,530.13
2024-05-16 10:30:00,530.13
2024-05-16 10:31:00,530.15
2024-05-16 10:33:00,530.12
2024-05-16 10:34:00,530.12
2024-05-16 10:37:00,530.12
2024-05-16 10:38:00,530.09
2024-05-16 10:43:00,530.24
2024-05-16 10:44:00,530.25
2024-05-16 10:45:00,530.32
2024-05-16 10:46:00,530.32
2024-05-16 10:47:00,530.27
2024-05-16 10:50:00,530.23
2024-05-16 10:51:00,530.29
2024-05-16 10:53:00,530.24
2024-05-16 10:57:00,530.29
2024-05-16 10:58:00,530.28
2024-05-16 10:59:00,530.2
2024-05-16 11:00:00,530.31
2024-05-16 11:01:00,530.43
2024-05-16 11:02:00,530.28
2024-05-16 11:03:00,530.28
2024-05-16 11:05:00,530.38
2024-05-16 11:07:00,530.35
2024-05-16 11:10:00,530.35
2024-05-16 11:11:00,530.37
2024-05-16 11:12:00,530.35
2024-05-16 11:13:00,530.42
2024-05-16 11:14:00,530.4
2024-05-16 11:15:00,530.44
2024-05-16 11:16:00,530.42
2024-05-16 11:17:00,530.44
2024-05-16 11:18:00,530.47
2024-05-16 11:20:00,530.41
2024-05-16 11:22:00,530.42
2024-05-16 11:23:00,530.35
2024-05-16 11:24:00,530.35
2024-05-16 11:25:00,530.48
2024-05-16 11:26:00,530.52
2024-05-16 11:27:00,530.52
2024-05-16 11:28:00,530.53
2024-05-16 11:29:00,530.61
2024-05-16 11:30:00,530.61
2024-05-16 11:31:00,530.55
2024-05-16 11:32:00,530.57
2024-05-16 11:33:00,530.43
2024-05-16 11:34:00,530.37
2024-05-16 11:35:00,530.33
2024-05-16 11:36:00,530.38
2024-05-16 11:37:00,530.4
2024-05-16 11:40:00,530.34
2024-05-16 11:43:00,530.37
2024-05-16 11:45:00,530.42
2024-05-16 11:46:00,530.43
2024-05-16 11:48:00,530.48
2024-05-16 11:51:00,530.48
2024-05-16 11:52:00,530.44
2024-05-16 11:53:00,530.4
2024-05-16 11:54:00,530.39
2024-05-16 11:55:00,530.4
2024-05-16 11:56:00,530.41
2024-05-16 11:57:00,530.38
2024-05-16 11:58:00,530.36
2024-05-16 11:59:00,530.36
2024-05-16 12:00:00,530.3
2024-05-16 12:01:00,530.27
2024-05-16 12:02:00,530.32
2024-05-16 12:03:00,530.75
2024-05-16 12:04:00,530.35
2024-05-16 12:05:00,530.26
2024-05-16 12:06:00,530.2314
2024-05-16 12:07:00,530.22
2024-05-16 12:08:00,530.25
2024-05-16 12:09:00,530.25
2024-05-16 12:10:00,530.21
2024-05-16 12:11:00,530.2
2024-05-16 12:12:00,530.21
2024-05-16 12:13:00,530.25
2024-05-16 12:14:00,530.28
2024-05-16 12:15:00,530.2696
2024-05-16 12:16:00,530.25
2024-05-16 12:17:00,530.2601
2024-05-16 12:18:00,530.26
2024-05-16 12:19:00,530.35
2024-05-16 12:20:00,530.42
2024-05-16 12:21:00,530.51
2024-05-16 12:23:00,530.52
2024-05-16 12:24:00,530.5
2024-05-16 12:25:00,530.58
2024-05-16 12:26:00,530.53
2024-05-16 12:27:00,530.57
2024-05-16 12:28:00,530.53
2024-05-16 12:29:00,530.5
2024-05-16 12:30:00,530.27
2024-05-16 12:31:00,530.39
2024-05-16 12:32:00,530.34
2024-05-16 12:33:00,530.27
2024-05-16 12:34:00,530.27
2024-05-16 12:35:00,530.22
2024-05-16 12:36:00,530.08
2024-05-16 12:37:00,530.2
2024-05-16 12:38:00,530.05
2024-05-16 12:39:00,530.18
2024-05-16 12:40:00,530.2
2024-05-16 12:41:00,530.15
2024-05-16 12:42:00,530.25
2024-05-16 12:43:00,530.34
2024-05-16 12:44:00,530.35
2024-05-16 12:45:00,530.31
2024-05-16 12:46:00,530.31
2024-05-16 12:47:00,530.21
2024-05-16 12:48:00,530.0501
2024-05-16 12:49:00,530.14
2024-05-16 12:50:00,530.07
2024-05-16 12:51:00,529.95
2024-05-16 12:52:00,529.92
2024-05-16 12:53:00,529.95
2024-05-16 12:54:00,529.969
2024-05-16 12:55:00,529.98
2024-05-16 12:56:00,529.9
2024-05-16 12:57:00,529.9
2024-05-16 12:58:00,529.99
2024-05-16 12:59:00,529.99
2024-05-16 13:00:00,529.95
2024-05-16 13:01:00,529.94
2024-05-16 13:02:00,529.95
2024-05-16 13:03:00,529.93
2024-05-16 13:04:00,529.95
2024-05-16 13:05:00,529.82
2024-05-16 13:06:00,529.8
2024-05-16 13:07:00,529.77
2024-05-16 13:08:00,529.79
2024-05-16 13:09:00,529.8
2024-05-16 13:10:00,529.85
2024-05-16 13:11:00,529.86
2024-05-16 13:12:00,529.72
2024-05-16 13:13:00,529.72
2024-05-16 13:14:00,529.77
2024-05-16 13:15:00,529.76
2024-05-16 13:16:00,529.7892
2024-05-16 13:17:00,529.79
2024-05-16 13:18:00,529.74
2024-05-16 13:19:00,529.7
2024-05-16 13:20:00,529.82
2024-05-16 13:21:00,529.75
2024-05-16 13:22:00,529.83
2024-05-16 13:23:00,529.9
2024-05-16 13:24:00,529.82
2024-05-16 13:25:00,529.88
2024-05-16 13:26:00,529.89
2024-05-16 13:27:00,529.88
2024-05-16 13:28:00,529.95
2024-05-16 13:29:00,529.87
2024-05-16 13:30:00,530.12
2024-05-16 13:31:00,530.13
2024-05-16 13:32:00,530.06
2024-05-16 13:33:00,530.09
2024-05-16 13:34:00,530.1
2024-05-16 13:35:00,530.0799
2024-05-16 13:36:00,530.13
2024-05-16 13:37:00,530.185
2024-05-16 13:38:00,530.27
2024-05-16 13:39:00,530.25
2024-05-16 13:40:00,530.0799
2024-05-16 13:41:00,530.11
2024-05-16 13:42:00,530.16
2024-05-16 13:43:00,530.0
2024-05-16 13:44:00,530.0275
2024-05-16 13:45:00,530.09
2024-05-16 13:46:00,530.08
2024-05-16 13:47:00,530.15
2024-05-16 13:48:00,530.16
2024-05-16 13:49:00,530.18
2024-05-16 13:50:00,530.24
2024-05-16 13:51:00,530.18
2024-05-16 13:52:00,530.245
2024-05-16 13:53:00,530.2199
2024-05-16 13:54:00,530.21
2024-05-16 13:55:00,530.22
2024-05-16 13:56:00,530.18
2024-05-16 13:57:00,530.08
2024-05-16 13:58:00,530.1703
2024-05-16 13:59:00,530.22
2024-05-16 14:00:00,530.22
2024-05-16 14:01:00,530.16
2024-05-16 14:02:00,530.17
2024-05-16 14:03:00,530.16
2024-05-16 14:04:00,530.11
2024-05-16 14:05:00,530.14
2024-05-16 14:06:00,529.965
2024-05-16 14:07:00,529.69
2024-05-16 14:08:00,529.96
2024-05-16 14:09:00,530.0688
2024-05-16 14:10:00,530.17
2024-05-16 14:11:00,530.19
2024-05-16 14:12:00,530.3637
2024-05-16 14:13:00,530.435
2024-05-16 14:14:00,530.35
2024-05-16 14:15:00,530.46
2024-05-16 14:16:00,530.43
2024-05-16 14:17:00,530.46
2024-05-16 14:18:00,530.5115
2024-05-16 14:19:00,530.5801
2024-05-16 14:20:00,530.52
2024-05-16 14:21:00,530.69
2024-05-16 14:22:00,530.7
2024-05-16 14:23:00,530.7127
2024-05-16 14:24:00,530.72
2024-05-16 14:25:00,530.72
2024-05-16 14:26:00,530.7
2024-05-16 14:27:00,530.675
2024-05-16 14:28:00,530.69
2024-05-16 14:29:00,530.63
2024-05-16 14:30:00,530.715
2024-05-16 14:31:00,530.695
2024-05-16 14:32:00,530.6401
2024-05-16 14:33:00,530.6285
2024-05-16 14:34:00,530.5603
2024-05-16 14:35:00,530.63
2024-05-16 14:36:00,530.66
2024-05-16 14:37:00,530.74
2024-05-16 14:38:00,530.62
2024-05-16 14:39:00,530.62
2024-05-16 14:40:00,530.615
2024-05-16 14:41:00,530.71
2024-05-16 14:42:00,530.73
2024-05-16 14:43:00,530.82
2024-05-16 14:44:00,530.909
2024-05-16 14:45:00,530.93
2024-05-16 14:46:00,530.93
2024-05-16 14:47:00,530.955
2024-05-16 14:48:00,530.9788
2024-05-16 14:49:00,530.92
2024-05-16 14:50:00,530.8912
2024-05-16 14:51:00,530.9399
2024-05-16 14:52:00,530.89
2024-05-16 14:53:00,530.985
2024-05-16 14:54:00,531.08
2024-05-16 14:55:00,531.12
2024-05-16 14:56:00,531.12
2024-05-16 14:57:00,531.25
2024-05-16 14:58:00,531.42
2024-05-16 14:59:00,531.375
2024-05-16 15:00:00,531.475
2024-05-16 15:01:00,531.36
2024-05-16 15:02:00,531.29
2024-05-16 15:03:00,531.42
2024-05-16 15:04:00,531.38
2024-05-16 15:05:00,531.26
2024-05-16 15:06:00,531.2701
2024-05-16 15:07:00,531.3015
2024-05-16 15:08:00,531.4301
2024-05-16 15:09:00,531.35
2024-05-16 15:10:00,531.24
2024-05-16 15:11:00,531.1388
2024-05-16 15:12:00,531.045
2024-05-16 15:13:00,530.73
2024-05-16 15:14:00,530.78
2024-05-16 15:15:00,530.71
2024-05-16 15:16:00,530.63
2024-05-16 15:17:00,530.6
2024-05-16 15:18:00,530.67
2024-05-16 15:19:00,530.74
2024-05-16 15:20:00,530.68
2024-05-16 15:21:00,530.58
2024-05-16 15:22:00,530.69
2024-05-16 15:23:00,530.7688
2024-05-16 15:24:00,530.78
2024-05-16 15:25:00,530.8401
2024-05-16 15:26:00,530.87
2024-05-16 15:27:00,530.98
2024-05-16 15:28:00,531.05
2024-05-16 15:29:00,531.14
2024-05-16 15:30:00,531.09
2024-05-16 15:31:00,531.095
2024-05-16 15:32:00,531.15
2024-05-16 15:33:00,531.175
2024-05-16 15:34:00,531.3
2024-05-16 15:35:00,531.16
2024-05-16 15:36:00,531.1605
2024-05-16 15:37:00,531.06
2024-05-16 15:38:00,530.935
2024-05-16 15:39:00,530.91
2024-05-16 15:40:00,530.9
2024-05-16 15:41:00,530.83
2024-05-16 15:42:00,530.83
2024-05-16 15:43:00,530.97
2024-05-16 15:44:00,531.02
2024-05-16 15:45:00,530.95
2024-05-16 15:46:00,530.85
2024-05-16 15:47:00,530.7901
2024-05-16 15:48:00,530.89
2024-05-16 15:49:00,530.83
2024-05-16 15:50:00,530.81
2024-05-16 15:51:00,530.87
2024-05-16 15:52:00,530.915
2024-05-16 15:53:00,530.96
2024-05-16 15:54:00,530.99
2024-05-16 15:55:00,530.985
2024-05-16 15:56:00,530.95
2024-05-16 15:57:00,530.95
2024-05-16 15:58:00,530.94
2024-05-16 15:59:00,530.91
2024-05-16 16:00:00,530.705
2024-05-16 16:01:00,530.62
2024-05-16 16:02:00,530.6
2024-05-16 16:03:00,530.6695
2024-05-16 16:04:00,530.53
2024-05-16 16:05:00,530.51
2024-05-16 16:06:00,530.4113
2024-05-16 16:07:00,530.48
2024-05-16 16:08:00,530.48
2024-05-16 16:09:00,530.54
2024-05-16 16:10:00,530.615
2024-05-16 16:11:00,530.6699
2024-05-16 16:12:00,530.69
2024-05-16 16:13:00,530.67
2024-05-16 16:14:00,530.71
2024-05-16 16:15:00,530.5903
2024-05-16 16:16:00,530.65
2024-05-16 16:17:00,530.54
2024-05-16 16:18:00,530.53
2024-05-16 16:19:00,530.47
2024-05-16 16:20:00,530.47
2024-05-16 16:21:00,530.42
2024-05-16 16:22:00,530.35
2024-05-16 16:23:00,530.4918
2024-05-16 16:24:00,530.6
2024-05-16 16:25:00,530.61
2024-05-16 16:26:00,530.61
2024-05-16 16:27:00,530.605
2024-05-16 16:28:00,530.58
2024-05-16 16:29:00,530.51
2024-05-16 16:30:00,530.37
2024-05-16 16:31:00,530.3
2024-05-16 16:32:00,530.37
2024-05-16 16:33:00,530.37
2024-05-16 16:34:00,530.425
2024-05-16 16:35:00,530.285
2024-05-16 16:36:00,530.31
2024-05-16 16:37:00,530.44
2024-05-16 16:38:00,530.51
2024-05-16 16:39:00,530.515
2024-05-16 16:40:00,530.395
2024-05-16 16:41:00,530.38
2024-05-16 16:42:00,530.4
2024-05-16 16:43:00,530.49
2024-05-16 16:44:00,530.525
2024-05-16 16:45:00,530.5389
2024-05-16 16:46:00,530.445
2024-05-16 16:47:00,530.53
2024-05-16 16:48:00,530.62
2024-05-16 16:49:00,530.57
2024-05-16 16:50:00,530.62
2024-05-16 16:51:00,530.65
2024-05-16 16:52:00,530.65
2024-05-16 16:53:00,530.6995
2024-05-16 16:54:00,530.75
2024-05-16 16:55:00,530.76
2024-05-16 16:56:00,530.715
2024-05-16 16:57:00,530.73
2024-05-16 16:58:00,530.65
2024-05-16 16:59:00,530.7191
2024-05-16 17:00:00,530.48
2024-05-16 17:01:00,530.62
2024-05-16 17:02:00,530.5507
2024-05-16 17:03:00,530.504
2024-05-16 17:04:00,530.53
2024-05-16 17:05:00,530.5701
2024-05-16 17:06:00,530.615
2024-05-16 17:07:00,530.57
2024-05-16 17:08:00,530.69
2024-05-16 17:09:00,530.72
2024-05-16 17:10:00,530.69
2024-05-16 17:11:00,530.61
2024-05-16 17:12:00,530.7
2024-05-16 17:13:00,530.6966
2024-05-16 17:14:00,530.765
2024-05-16 17:15:00,530.82
2024-05-16 17:16:00,530.78
2024-05-16 17:17:00,530.75
2024-05-16 17:18:00,530.6499
2024-05-16 17:19:00,530.705
2024-05-16 17:20:00,530.52
2024-05-16 17:21:00,530.06
2024-05-16 17:22:00,529.795
2024-05-16 17:23:00,529.92
2024-05-16 17:24:00,529.63
2024-05-16 17:25:00,529.9
2024-05-16 17:26:00,530.07
2024-05-16 17:27:00,530.04
2024-05-16 17:28:00,529.8713
2024-05-16 17:29:00,529.79
2024-05-16 17:30:00,529.93
2024-05-16 17:31:00,529.93
2024-05-16 17:32:00,530.01
2024-05-16 17:33:00,530.08
2024-05-16 17:34:00,530.02
2024-05-16 17:35:00,529.81
2024-05-16 17:36:00,529.8
2024-05-16 17:37:00,529.66
2024-05-16 17:38:00,529.7
2024-05-16 17:39:00,529.7
2024-05-16 17:40:00,529.82
2024-05-16 17:41:00,529.85
2024-05-16 17:42:00,529.67
2024-05-16 17:43:00,529.76
2024-05-16 17:44:00,529.82
2024-05-16 17:45:00,529.63
2024-05-16 17:46:00,529.6
2024-05-16 17:47:00,529.54
2024-05-16 17:48:00,529.49
2024-05-16 17:49:00,529.52
2024-05-16 17:50:00,529.61
2024-05-16 17:51:00,529.7394
2024-05-16 17:52:00,529.92
2024-05-16 17:53:00,529.915
2024-05-16 17:54:00,529.981
2024-05-16 17:55:00,530.0
2024-05-16 17:56:00,529.98
2024-05-16 17:57:00,530.005
2024-05-16 17:58:00,530.0487
2024-05-16 17:59:00,530.05
2024-05-16 18:00:00,529.98
2024-05-16 18:01:00,529.93
2024-05-16 18:02:00,529.99
2024-05-16 18:03:00,529.92
2024-05-16 18:04:00,529.85
2024-05-16 18:05:00,529.895
2024-05-16 18:06:00,529.6499
2024-05-16 18:07:00,529.64
2024-05-16 18:08:00,529.73
2024-05-16 18:09:00,529.59
2024-05-16 18:10:00,529.495
2024-05-16 18:11:00,529.57
2024-05-16 18:12:00,529.495
2024-05-16 18:13:00,529.42
2024-05-16 18:14:00,529.105
2024-05-16 18:15:00,529.12
2024-05-16 18:16:00,529.16
2024-05-16 18:17:00,529.29
2024-05-16 18:18:00,529.23
2024-05-16 18:19:00,529.33
2024-05-16 18:20:00,529.4
2024-05-16 18:21:00,529.625
2024-05-16 18:22:00,529.62
2024-05-16 18:23:00,529.65
2024-05-16 18:24:00,529.645
2024-05-16 18:25:00,529.63
2024-05-16 18:26:00,529.52
2024-05-16 18:27:00,529.3388
2024-05-16 18:28:00,529.48
2024-05-16 18:29:00,529.465
2024-05-16 18:30:00,529.59
2024-05-16 18:31:00,529.6751
2024-05-16 18:32:00,529.68
2024-05-16 18:33:00,529.8
2024-05-16 18:34:00,529.66
2024-05-16 18:35:00,529.7501
2024-05-16 18:36:00,529.725
2024-05-16 18:37:00,529.74
2024-05-16 18:38:00,529.79
2024-05-16 18:39:00,529.77
2024-05-16 18:40:00,529.805
2024-05-16 18:41:00,529.96
2024-05-16 18:42:00,530.03
2024-05-16 18:43:00,529.975
2024-05-16 18:44:00,530.02
2024-05-16 18:45:00,530.065
2024-05-16 18:46:00,529.96
2024-05-16 18:47:00,529.92
2024-05-16 18:48:00,530.015
2024-05-16 18:49:00,529.94
2024-05-16 18:50:00,529.9
2024-05-16 18:51:00,529.87
2024-05-16 18:52:00,529.87
2024-05-16 18:53:00,529.92
2024-05-16 18:54:00,529.9999
2024-05-16 18:55:00,529.92
2024-05-16 18:56:00,529.8901
2024-05-16 18:57:00,529.905
2024-05-16 18:58:00,530.02
2024-05-16 18:59:00,530.09
2024-05-16 19:00:00,530.0
2024-05-16 19:01:00,530.04
2024-05-16 19:02:00,530.04
2024-05-16 19:03:00,530.115
2024-05-16 19:04:00,530.11
2024-05-16 19:05:00,530.11
2024-05-16 19:06:00,530.1501
2024-05-16 19:07:00,530.105
2024-05-16 19:08:00,530.085
2024-05-16 19:09:00,530.1692
2024-05-16 19:10:00,530.04
2024-05-16 19:11:00,529.93
2024-05-16 19:12:00,529.965
2024-05-16 19:13:00,530.12
2024-05-16 19:14:00,530.04
2024-05-16 19:15:00,530.12
2024-05-16 19:16:00,530.09
2024-05-16 19:17:00,529.98
2024-05-16 19:18:00,529.94
2024-05-16 19:19:00,530.05
2024-05-16 19:20:00,530.04
2024-05-16 19:21:00,529.92
2024-05-16 19:22:00,529.99
2024-05-16 19:23:00,529.9
2024-05-16 19:24:00,529.92
2024-05-16 19:25:00,529.925
2024-05-16 19:26:00,529.95
2024-05-16 19:27:00,529.84
2024-05-16 19:28:00,529.94
2024-05-16 19:29:00,529.89
2024-05-16 19:30:00,529.74
2024-05-16 19:31:00,529.54
2024-05-16 19:32:00,529.6
2024-05-16 19:33:00,529.689
2024-05-16 19:34:00,529.58
2024-05-16 19:35:00,529.62
2024-05-16 19:36:00,529.5
2024-05-16 19:37:00,529.47
2024-05-16 19:38:00,529.21
2024-05-16 19:39:00,529.19
2024-05-16 19:40:00,528.9999
2024-05-16 19:41:00,529.17
2024-05-16 19:42:00,529.015
2024-05-16 19:43:00,529.035
2024-05-16 19:44:00,529.035
2024-05-16 19:45:00,529.01
2024-05-16 19:46:00,529.005
2024-05-16 19:47:00,529.14
2024-05-16 19:48:00,529.225
2024-05-16 19:49:00,529.05
2024-05-16 19:50:00,529.44
2024-05-16 19:51:00,529.59
2024-05-16 19:52:00,529.725
2024-05-16 19:53:00,529.815
2024-05-16 19:54:00,529.94
2024-05-16 19:55:00,529.33
2024-05-16 19:56:00,529.31
2024-05-16 19:57:00,529.2301
2024-05-16 19:58:00,529.185
2024-05-16 19:59:00,528.66
2024-05-16 20:00:00,528.55
2024-05-16 20:01:00,528.4
2024-05-16 20:02:00,528.45
2024-05-16 20:03:00,528.51
2024-05-16 20:04:00,528.59
2024-05-16 20:05:00,528.61
2024-05-16 20:06:00,528.51
2024-05-16 20:07:00,528.535
2024-05-16 20:08:00,528.46
2024-05-16 20:09:00,528.47
2024-05-16 20:10:00,528.47
2024-05-16 20:11:00,528.43
2024-05-16 20:12:00,528.39
2024-05-16 20:13:00,528.3901
2024-05-16 20:14:00,528.44
2024-05-16 20:15:00,528.47
2024-05-16 20:16:00,528.46
2024-05-16 20:17:00,528.45
2024-05-16 20:18:00,528.47
2024-05-16 20:19:00,528.52
2024-05-16 20:20:00,528.53
2024-05-16 20:21:00,528.55
2024-05-16 20:22:00,528.49
2024-05-16 20:23:00,528.46
2024-05-16 20:24:00,528.41
2024-05-16 20:25:00,528.42
2024-05-16 20:26:00,528.39
2024-05-16 20:27:00,528.39
2024-05-16 20:28:00,528.43
2024-05-16 20:29:00,528.3908
2024-05-16 20:30:00,528.35
2024-05-16 20:31:00,528.38
2024-05-16 20:32:00,528.39
2024-05-16 20:33:00,528.25
2024-05-16 20:34:00,528.29
2024-05-16 20:35:00,528.31
2024-05-16 20:36:00,528.36
2024-05-16 20:37:00,528.34
2024-05-16 20:38:00,528.33
2024-05-16 20:39:00,528.35
2024-05-16 20:40:00,528.36
2024-05-16 20:41:00,528.37
2024-05-16 20:42:00,528.34
2024-05-16 20:44:00,528.36
2024-05-16 20:45:00,528.648
2024-05-16 20:46:00,528.4
2024-05-16 20:47:00,528.35
2024-05-16 20:48:00,528.34
2024-05-16 20:49:00,528.35
2024-05-16 20:50:00,528.3
2024-05-16 20:51:00,528.33
2024-05-16 20:52:00,528.29
2024-05-16 20:53:00,528.27
2024-05-16 20:55:00,528.28
2024-05-16 20:56:00,528.29
2024-05-16 20:57:00,528.28
2024-05-16 20:58:00,528.27
2024-05-16 20:59:00,528.29
2024-05-16 21:00:00,528.29
2024-05-16 21:01:00,528.35
2024-05-16 21:02:00,528.25
2024-05-16 21:03:00,528.35
2024-05-16 21:05:00,528.35
2024-05-16 21:07:00,528.34
2024-05-16 21:08:00,528.32
2024-05-16 21:10:00,528.35
2024-05-16 21:11:00,528.38
2024-05-16 21:12:00,528.4
2024-05-16 21:13:00,528.4303
2024-05-16 21:14:00,528.49
2024-05-16 21:15:00,528.49
2024-05-16 21:16:00,528.49
2024-05-16 21:17:00,528.49
2024-05-16 21:18:00,528.57
2024-05-16 21:19:00,528.57
2024-05-16 21:20:00,528.58
2024-05-16 21:21:00,528.57
2024-05-16 21:22:00,528.6
2024-05-16 21:23:00,528.66
2024-05-16 21:24:00,528.57
2024-05-16 21:25:00,528.65
2024-05-16 21:26:00,528.67
2024-05-16 21:27:00,528.68
2024-05-16 21:28:00,528.68
2024-05-16 21:29:00,528.68
2024-05-16 21:30:00,528.65
2024-05-16 21:31:00,528.68
2024-05-16 21:32:00,528.68
2024-05-16 21:33:00,528.68
2024-05-16 21:34:00,528.68
2024-05-16 21:35:00,528.69
2024-05-16 21:36:00,528.71
2024-05-16 21:37:00,528.75
2024-05-16 21:38:00,528.69
2024-05-16 21:39:00,528.72
2024-05-16 21:40:00,528.73
2024-05-16 21:41:00,528.73
2024-05-16 21:44:00,528.74
2024-05-16 21:45:00,528.77
2024-05-16 21:46:00,528.75
2024-05-16 21:47:00,528.8
2024-05-16 21:48:00,528.8
2024-05-16 21:49:00,528.8
2024-05-16 21:50:00,528.8
2024-05-16 21:51:00,528.8
2024-05-16 21:52:00,528.8
2024-05-16 21:53:00,528.77
2024-05-16 21:54:00,528.75
2024-05-16 21:55:00,528.75
2024-05-16 21:56:00,528.75
2024-05-16 21:57:00,528.75
2024-05-16 21:58:00,528.75
2024-05-16 21:59:00,528.75
2024-05-16 22:00:00,528.64
2024-05-16 22:01:00,528.64
2024-05-16 22:02:00,528.55
2024-05-16 22:03:00,528.59
2024-05-16 22:04:00,528.62
2024-05-16 22:05:00,528.52
2024-05-16 22:06:00,528.56
2024-05-16 22:07:00,528.54
2024-05-16 22:08:00,528.48
2024-05-16 22:09:00,528.53
2024-05-16 22:10:00,528.55
2024-05-16 22:11:00,528.49
2024-05-16 22:12:00,528.5
2024-05-16 22:13:00,528.51
2024-05-16 22:14:00,528.49
2024-05-16 22:15:00,528.5
2024-05-16 22:16:00,528.48
2024-05-16 22:17:00,528.47
2024-05-16 22:20:00,528.51
2024-05-16 22:22:00,528.56
2024-05-16 22:23:00,528.57
2024-05-16 22:25:00,528.64
2024-05-16 22:26:00,528.62
2024-05-16 22:28:00,528.64
2024-05-16 22:29:00,528.56
2024-05-16 22:30:00,528.5091
2024-05-16 22:31:00,528.51
2024-05-16 22:33:00,528.4
2024-05-16 22:34:00,528.44
2024-05-16 22:37:00,528.44
2024-05-16 22:39:00,528.5
2024-05-16 22:41:00,528.531
2024-05-16 22:42:00,528.57
2024-05-16 22:43:00,528.551
2024-05-16 22:45:00,528.66
2024-05-16 22:46:00,528.65
2024-05-16 22:47:00,528.639
2024-05-16 22:48:00,528.65
2024-05-16 22:50:00,528.63
2024-05-16 22:53:00,528.63
2024-05-16 22:54:00,528.63
2024-05-16 22:55:00,528.65
2024-05-16 22:56:00,528.66
2024-05-16 22:58:00,528.62
2024-05-16 22:59:00,528.61
2024-05-16 23:00:00,528.6
2024-05-16 23:04:00,528.57
2024-05-16 23:06:00,528.63
2024-05-16 23:14:00,528.63
2024-05-16 23:15:00,528.61
2024-05-16 23:16:00,528.65
2024-05-16 23:23:00,528.68
2024-05-16 23:34:00,528.75
2024-05-16 23:38:00,528.76
2024-05-16 23:39:00,528.8
2024-05-16 23:44:00,528.75
2024-05-16 23:45:00,528.78
2024-05-16 23:46:00,528.75
2024-05-16 23:47:00,528.71
2024-05-16 23:48:00,528.68
2024-05-16 23:49:00,528.68
2024-05-16 23:53:00,528.62
2024-05-16 23:54:00,528.68
2024-05-16 23:55:00,528.68
2024-05-16 23:56:00,528.66
2024-05-16 23:59:00,528.71
2024-05-17 08:00:00,528.75
2024-05-17 08:01:00,528.75
2024-05-17 08:02:00,528.68
2024-05-17 08:03:00,528.62
2024-05-17 08:04:00,528.64
2024-05-17 08:05:00,528.62
2024-05-17 08:06:00,528.6
2024-05-17 08:07:00,528.47
2024-05-17 08:08:00,528.26
2024-05-17 08:09:00,528.25
2024-05-17 08:10:00,528.38
2024-05-17 08:11:00,528.39
2024-05-17 08:13:00,528.39
2024-05-17 08:15:00,528.15
2024-05-17 08:19:00,528.21
2024-05-17 08:21:00,528.21
2024-05-17 08:24:00,528.23
2024-05-17 08:26:00,528.24
2024-05-17 08:27:00,528.26
2024-05-17 08:30:00,528.19
2024-05-17 08:33:00,528.1
2024-05-17 08:34:00,528.13
2024-05-17 08:35:00,528.18
2024-05-17 08:45:00,528.22
2024-05-17 08:56:00,528.37
2024-05-17 08:57:00,528.37
2024-05-17 09:01:00,528.4
2024-05-17 09:02:00,528.49
2024-05-17 09:03:00,528.48
2024-05-17 09:04:00,528.59
2024-05-17 09:05:00,528.6
2024-05-17 09:11:00,528.74
2024-05-17 09:12:00,528.74
2024-05-17 09:15:00,528.63
2024-05-17 09:16:00,528.6
2024-05-17 09:18:00,528.48
2024-05-17 09:28:00,528.64
2024-05-17 09:31:00,528.67
2024-05-17 09:32:00,528.58
2024-05-17 09:37:00,528.6
2024-05-17 09:45:00,528.7
2024-05-17 09:46:00,528.8
2024-05-17 09:47:00,528.82
2024-05-17 09:48:00,528.76
2024-05-17 09:49:00,528.77
2024-05-17 09:51:00,528.82
2024-05-17 10:00:00,528.68
2024-05-17 10:09:00,528.5
2024-05-17 10:29:00,528.68
2024-05-17 10:30:00,528.74
2024-05-17 10:31:00,528.72
2024-05-17 10:32:00,528.7
2024-05-17 10:33:00,528.68
2024-05-17 10:35:00,528.65
2024-05-17 10:37:00,528.63
2024-05-17 10:38:00,528.6
2024-05-17 10:39:00,528.55
2024-05-17 10:40:00,528.56
2024-05-17 10:55:00,528.65
2024-05-17 10:59:00,528.75
2024-05-17 11:00:00,528.78
2024-05-17 11:02:00,528.84
2024-05-17 11:04:00,528.79
2024-05-17 11:05:00,528.73
2024-05-17 11:06:00,528.76
2024-05-17 11:08:00,528.68
2024-05-17 11:11:00,528.66
2024-05-17 11:12:00,528.65
2024-05-17 11:13:00,528.6
2024-05-17 11:14:00,528.63
2024-05-17 11:15:00,528.63
2024-05-17 11:16:00,528.69
2024-05-17 11:18:00,528.8
2024-05-17 11:19:00,528.81
2024-05-17 11:21:00,528.8
2024-05-17 11:22:00,528.84
2024-05-17 11:24:00,528.84
2024-05-17 11:26:00,528.85
2024-05-17 11:28:00,528.9
2024-05-17 11:29:00,528.96
2024-05-17 11:31:00,528.91
2024-05-17 11:32:00,528.92
2024-05-17 11:33:00,528.98
2024-05-17 11:34:00,528.98
2024-05-17 11:37:00,528.85
2024-05-17 11:38:00,528.95
2024-05-17 11:40:00,529.02
2024-05-17 11:41:00,529.09
2024-05-17 11:42:00,529.03
2024-05-17 11:43:00,528.99
2024-05-17 11:44:00,529.04
2024-05-17 11:45:00,529.07
2024-05-17 11:46:00,529.0
2024-05-17 11:47:00,528.99
2024-05-17 11:49:00,529.0
2024-05-17 11:50:00,529.0
2024-05-17 11:51:00,529.0
2024-05-17 11:52:00,529.02
2024-05-17 11:53:00,528.99
2024-05-17 11:56:00,528.91
2024-05-17 11:57:00,528.93
2024-05-17 11:58:00,528.96
2024-05-17 11:59:00,528.9
2024-05-17 12:00:00,528.9199
2024-05-17 12:01:00,528.89
2024-05-17 12:02:00,528.9
2024-05-17 12:03:00,528.81
2024-05-17 12:04:00,528.94
2024-05-17 12:05:00,529.0
2024-05-17 12:06:00,528.88
2024-05-17 12:07:00,528.92
2024-05-17 12:08:00,529.0
2024-05-17 12:09:00,529.06
2024-05-17 12:10:00,529.0
2024-05-17 12:11:00,529.02
2024-05-17 12:13:00,529.03
2024-05-17 12:14:00,528.95
2024-05-17 12:15:00,528.88
2024-05-17 12:16:00,528.83
2024-05-17 12:17:00,528.82
2024-05-17 12:18:00,528.85
2024-05-17 12:19:00,528.95
2024-05-17 12:20:00,528.94
2024-05-17 12:21:00,529.0
2024-05-17 12:22:00,529.14
2024-05-17 12:23:00,528.98
2024-05-17 12:24:00,528.97
2024-05-17 12:25:00,528.96
2024-05-17 12:26:00,528.99
2024-05-17 12:27:00,529.02
2024-05-17 12:29:00,529.09
2024-05-17 12:30:00,529.09
2024-05-17 12:31:00,529.09
2024-05-17 12:32:00,529.179
2024-05-17 12:33:00,529.1436
2024-05-17 12:34:00,529.14
2024-05-17 12:35:00,529.18
2024-05-17 12:36:00,529.21
2024-05-17 12:37:00,529.22
2024-05-17 12:38:00,529.18
2024-05-17 12:39:00,529.17
2024-05-17 12:40:00,529.14
2024-05-17 12:41:00,529.09
2024-05-17 12:42:00,529.1
2024-05-17 12:43:00,529.19
2024-05-17 12:44:00,529.21
2024-05-17 12:45:00,529.22
2024-05-17 12:46:00,529.18
2024-05-17 12:47:00,529.18
2024-05-17 12:48:00,529.21
2024-05-17 12:49:00,529.23
2024-05-17 12:50:00,529.23
2024-05-17 12:51:00,529.19
2024-05-17 12:52:00,529.16
2024-05-17 12:53:00,529.21
2024-05-17 12:54:00,529.2
2024-05-17 12:55:00,529.2
2024-05-17 12:56:00,529.2
2024-05-17 12:57:00,529.27
2024-05-17 12:58:00,529.28
2024-05-17 12:59:00,529.32
2024-05-17 13:00:00,529.16
2024-05-17 13:01:00,529.16
2024-05-17 13:02:00,529.21
2024-05-17 13:03:00,529.1
2024-05-17 13:04:00,529.17
2024-05-17 13:05:00,529.1104
2024-05-17 13:06:00,529.09
2024-05-17 13:07:00,529.07
2024-05-17 13:08:00,529.1
2024-05-17 13:09:00,529.09
2024-05-17 13:10:00,529.03
2024-05-17 13:11:00,529.03
2024-05-17 13:12:00,529.1
2024-05-17 13:13:00,529.13
2024-05-17 13:14:00,529.12
2024-05-17 13:15:00,529.13
2024-05-17 13:16:00,529.11
2024-05-17 13:17:00,529.13
2024-05-17 13:18:00,529.09
2024-05-17 13:19:00,529.1
2024-05-17 13:20:00,529.08
2024-05-17 13:21:00,529.07
2024-05-17 13:22:00,529.06
2024-05-17 13:23:00,529.03
2024-05-17 13:24:00,528.99
2024-05-17 13:25:00,528.71
2024-05-17 13:26:00,528.72
2024-05-17 13:27:00,528.7
2024-05-17 13:28:00,528.7283
2024-05-17 13:29:00,528.82
2024-05-17 13:30:00,529.13
2024-05-17 13:31:00,528.94
2024-05-17 13:32:00,528.98
2024-05-17 13:33:00,528.81
2024-05-17 13:34:00,528.76
2024-05-17 13:35:00,528.71
2024-05-17 13:36:00,528.73
2024-05-17 13:37:00,528.91
2024-05-17 13:38:00,528.85
2024-05-17 13:39:00,528.78
2024-05-17 13:40:00,528.6888
2024-05-17 13:41:00,528.61
2024-05-17 13:42:00,528.72
2024-05-17 13:43:00,528.5499
2024-05-17 13:44:00,528.55
2024-05-17 13:45:00,528.465
2024-05-17 13:46:00,528.495
2024-05-17 13:47:00,528.75
2024-05-17 13:48:00,528.68
2024-05-17 13:49:00,528.66
2024-05-17 13:50:00,528.59
2024-05-17 13:51:00,528.66
2024-05-17 13:52:00,528.63
2024-05-17 13:53:00,528.67
2024-05-17 13:54:00,528.66
2024-05-17 13:55:00,528.745
2024-05-17 13:56:00,528.72
2024-05-17 13:57:00,528.53
2024-05-17 13:58:00,528.71
2024-05-17 13:59:00,528.745
2024-05-17 14:00:00,528.79
2024-05-17 14:01:00,528.74
2024-05-17 14:02:00,528.9
2024-05-17 14:03:00,528.8981
2024-05-17 14:04:00,528.9
2024-05-17 14:05:00,528.86
2024-05-17 14:06:00,528.64
2024-05-17 14:07:00,528.58
2024-05-17 14:08:00,528.5
2024-05-17 14:09:00,528.57
2024-05-17 14:10:00,528.405
2024-05-17 14:11:00,528.42
2024-05-17 14:12:00,528.5401
2024-05-17 14:13:00,528.56
2024-05-17 14:14:00,528.565
2024-05-17 14:15:00,528.665
2024-05-17 14:16:00,528.635
2024-05-17 14:17:00,528.54
2024-05-17 14:18:00,528.61
2024-05-17 14:19:00,528.585
2024-05-17 14:20:00,528.76
2024-05-17 14:21:00,528.81
2024-05-17 14:22:00,528.89
2024-05-17 14:23:00,528.84
2024-05-17 14:24:00,528.935
2024-05-17 14:25:00,528.94
2024-05-17 14:26:00,528.9151
2024-05-17 14:27:00,528.98
2024-05-17 14:28:00,529.07
2024-05-17 14:29:00,529.17
2024-05-17 14:30:00,529.085
2024-05-17 14:31:00,529.095
2024-05-17 14:32:00,529.18
2024-05-17 14:33:00,529.18
2024-05-17 14:34:00,529.26
2024-05-17 14:35:00,529.25
2024-05-17 14:36:00,529.1913
2024-05-17 14:37:00,529.11
2024-05-17 14:38:00,529.12
2024-05-17 14:39:00,529.1
2024-05-17 14:40:00,529.16
2024-05-17 14:41:00,529.1
2024-05-17 14:42:00,529.115
2024-05-17 14:43:00,529.21
2024-05-17 14:44:00,529.2114
2024-05-17 14:45:00,529.23
2024-05-17 14:46:00,529.25
2024-05-17 14:47:00,529.26
2024-05-17 14:48:00,529.235
2024-05-17 14:49:00,529.2301
2024-05-17 14:50:00,529.21
2024-05-17 14:51:00,529.13
2024-05-17 14:52:00,529.11
2024-05-17 14:53:00,529.1799
2024-05-17 14:54:00,529.21
2024-05-17 14:55:00,529.09
2024-05-17 14:56:00,529.13
2024-05-17 14:57:00,529.15
2024-05-17 14:58:00,529.105
2024-05-17 14:59:00,529.11
2024-05-17 15:00:00,528.95
2024-05-17 15:01:00,528.9333
2024-05-17 15:02:00,528.855
2024-05-17 15:03:00,528.74
2024-05-17 15:04:00,528.515
2024-05-17 15:05:00,528.655
2024-05-17 15:06:00,528.725
2024-05-17 15:07:00,528.76
2024-05-17 15:08:00,528.8
2024-05-17 15:09:00,528.82
2024-05-17 15:10:00,528.71
2024-05-17 15:11:00,528.68
2024-05-17 15:12:00,528.75
2024-05-17 15:13:00,528.85
2024-05-17 15:14:00,528.87
2024-05-17 15:15:00,528.845
2024-05-17 15:16:00,528.78
2024-05-17 15:17:00,528.835
2024-05-17 15:18:00,528.865
2024-05-17 15:19:00,528.79
2024-05-17 15:20:00,528.79
2024-05-17 15:21:00,528.7686
2024-05-17 15:22:00,528.6651
2024-05-17 15:23:00,528.6608
2024-05-17 15:24:00,528.62
2024-05-17 15:25:00,528.705
2024-05-17 15:26:00,528.76
2024-05-17 15:27:00,528.6899
2024-05-17 15:28:00,528.7799
2024-05-17 15:29:00,528.76
2024-05-17 15:30:00,528.695
2024-05-17 15:31:00,528.6
2024-05-17 15:32:00,528.52
2024-05-17 15:33:00,528.52
2024-05-17 15:34:00,528.545
2024-05-17 15:35:00,528.5
2024-05-17 15:36:00,528.47
2024-05-17 15:37:00,528.395
2024-05-17 15:38:00,528.46
2024-05-17 15:39:00,528.4
2024-05-17 15:40:00,528.34
2024-05-17 15:41:00,528.3599
2024-05-17 15:42:00,528.42
2024-05-17 15:43:00,528.4487
2024-05-17 15:44:00,528.45
2024-05-17 15:45:00,528.53
2024-05-17 15:46:00,528.5001
2024-05-17 15:47:00,528.475
2024-05-17 15:48:00,528.395
2024-05-17 15:49:00,528.275
2024-05-17 15:50:00,528.4775
2024-05-17 15:51:00,528.55
2024-05-17 15:52:00,528.63
2024-05-17 15:53:00,528.68
2024-05-17 15:54:00,528.66
2024-05-17 15:55:00,528.7
2024-05-17 15:56:00,528.77
2024-05-17 15:57:00,528.79
2024-05-17 15:58:00,528.8495
2024-05-17 15:59:00,528.83
2024-05-17 16:00:00,528.81
2024-05-17 16:01:00,528.89
2024-05-17 16:02:00,528.88
2024-05-17 16:03:00,528.99
2024-05-17 16:04:00,528.92
2024-05-17 16:05:00,528.72
2024-05-17 16:06:00,528.76
2024-05-17 16:07:00,528.78
2024-05-17 16:08:00,528.8097
2024-05-17 16:09:00,528.7901
2024-05-17 16:10:00,528.73
2024-05-17 16:11:00,528.7
2024-05-17 16:12:00,528.73
2024-05-17 16:13:00,528.73
2024-05-17 16:14:00,528.7097
2024-05-17 16:15:00,528.725
2024-05-17 16:16:00,528.815
2024-05-17 16:17:00,528.81
2024-05-17 16:18:00,528.76
2024-05-17 16:19:00,528.765
2024-05-17 16:20:00,528.7
2024-05-17 16:21:00,528.63
2024-05-17 16:22:00,528.54
2024-05-17 16:23:00,528.595
2024-05-17 16:24:00,528.5901
2024-05-17 16:25:00,528.59
2024-05-17 16:26:00,528.605
2024-05-17 16:27:00,528.58
2024-05-17 16:28:00,528.5799
2024-05-17 16:29:00,528.56
2024-05-17 16:30:00,528.59
2024-05-17 16:31:00,528.475
2024-05-17 16:32:00,528.49
2024-05-17 16:33:00,528.53
2024-05-17 16:34:00,528.62
2024-05-17 16:35:00,528.6403
2024-05-17 16:36:00,528.65
2024-05-17 16:37:00,528.63
2024-05-17 16:38:00,528.68
2024-05-17 16:39:00,528.64
2024-05-17 16:40:00,528.51
2024-05-17 16:41:00,528.485
2024-05-17 16:42:00,528.42
2024-05-17 16:43:00,528.4134
2024-05-17 16:44:00,528.365
2024-05-17 16:45:00,528.29
2024-05-17 16:46:00,528.3386
2024-05-17 16:47:00,528.49
2024-05-17 16:48:00,528.44
2024-05-17 16:49:00,528.505
2024-05-17 16:50:00,528.535
2024-05-17 16:51:00,528.59
2024-05-17 16:52:00,528.725
2024-05-17 16:53:00,528.7
2024-05-17 16:54:00,528.74
2024-05-17 16:55:00,528.76
2024-05-17 16:56:00,528.75
2024-05-17 16:57:00,528.78
2024-05-17 16:58:00,528.77
2024-05-17 16:59:00,528.7899
2024-05-17 17:00:00,528.79
2024-05-17 17:01:00,528.7858
2024-05-17 17:02:00,528.715
2024-05-17 17:03:00,528.835
2024-05-17 17:04:00,528.83
2024-05-17 17:05:00,528.81
2024-05-17 17:06:00,528.73
2024-05-17 17:07:00,528.7375
2024-05-17 17:08:00,528.85
2024-05-17 17:09:00,528.88
2024-05-17 17:10:00,528.86
2024-05-17 17:11:00,528.765
2024-05-17 17:12:00,528.81
2024-05-17 17:13:00,528.81
2024-05-17 17:14:00,528.8499
2024-05-17 17:15:00,528.855
2024-05-17 17:16:00,528.685
2024-05-17 17:17:00,528.77
2024-05-17 17:18:00,528.73
2024-05-17 17:19:00,528.52
2024-05-17 17:20:00,528.52
2024-05-17 17:21:00,528.545
2024-05-17 17:22:00,528.61
2024-05-17 17:23:00,528.63
2024-05-17 17:24:00,528.6
2024-05-17 17:25:00,528.6227
2024-05-17 17:26:00,528.68
2024-05-17 17:27:00,528.66
2024-05-17 17:28:00,528.575
2024-05-17 17:29:00,528.695
2024-05-17 17:30:00,528.7
2024-05-17 17:31:00,528.72
2024-05-17 17:32:00,528.73
2024-05-17 17:33:00,528.715
2024-05-17 17:34:00,528.61
2024-05-17 17:35:00,528.6
2024-05-17 17:36:00,528.55
2024-05-17 17:37:00,528.73
2024-05-17 17:38:00,528.79
2024-05-17 17:39:00,528.825
2024-05-17 17:40:00,528.795
2024-05-17 17:41:00,528.85
2024-05-17 17:42:00,528.845
2024-05-17 17:43:00,528.855
2024-05-17 17:44:00,528.85
2024-05-17 17:45:00,528.795
2024-05-17 17:46:00,528.71
2024-05-17 17:47:00,528.71
2024-05-17 17:48:00,528.78
2024-05-17 17:49:00,528.715
2024-05-17 17:50:00,528.77
2024-05-17 17:51:00,528.84
2024-05-17 17:52:00,528.8
2024-05-17 17:53:00,528.71
2024-05-17 17:54:00,528.73
2024-05-17 17:55:00,528.76
2024-05-17 17:56:00,528.705
2024-05-17 17:57:00,528.725
2024-05-17 17:58:00,528.7
2024-05-17 17:59:00,528.72
2024-05-17 18:00:00,528.555
2024-05-17 18:01:00,528.55
2024-05-17 18:02:00,528.5401
2024-05-17 18:03:00,528.42
2024-05-17 18:04:00,528.29
2024-05-17 18:05:00,528.46
2024-05-17 18:06:00,528.515
2024-05-17 18:07:00,528.49
2024-05-17 18:08:00,528.41
2024-05-17 18:09:00,528.395
2024-05-17 18:10:00,528.4
2024-05-17 18:11:00,528.265
2024-05-17 18:12:00,528.24
2024-05-17 18:13:00,528.05
2024-05-17 18:14:00,527.82
2024-05-17 18:15:00,527.88
2024-05-17 18:16:00,528.025
2024-05-17 18:17:00,527.955
2024-05-17 18:18:00,527.98
2024-05-17 18:19:00,527.955
2024-05-17 18:20:00,527.88
2024-05-17 18:21:00,527.76
2024-05-17 18:22:00,527.495
2024-05-17 18:23:00,527.53
2024-05-17 18:24:00,527.7
2024-05-17 18:25:00,527.86
2024-05-17 18:26:00,527.92
2024-05-17 18:27:00,527.95
2024-05-17 18:28:00,527.91
2024-05-17 18:29:00,527.91
2024-05-17 18:30:00,528.12
2024-05-17 18:31:00,528.0899
2024-05-17 18:32:00,528.005
2024-05-17 18:33:00,527.96
2024-05-17 18:34:00,528.0
2024-05-17 18:35:00,528.1
2024-05-17 18:36:00,528.1501
2024-05-17 18:37:00,528.085
2024-05-17 18:38:00,528.055
2024-05-17 18:39:00,528.125
2024-05-17 18:40:00,527.99
2024-05-17 18:41:00,528.04
2024-05-17 18:42:00,527.9772
2024-05-17 18:43:00,527.97
2024-05-17 18:44:00,527.97
2024-05-17 18:45:00,528.02
2024-05-17 18:46:00,527.985
2024-05-17 18:47:00,528.05
2024-05-17 18:48:00,528.205
2024-05-17 18:49:00,528.26
2024-05-17 18:50:00,528.29
2024-05-17 18:51:00,528.33
2024-05-17 18:52:00,528.39
2024-05-17 18:53:00,528.39
2024-05-17 18:54:00,528.59
2024-05-17 18:55:00,528.8101
2024-05-17 18:56:00,528.7201
2024-05-17 18:57:00,528.8241
2024-05-17 18:58:00,528.87
2024-05-17 18:59:00,528.8051
2024-05-17 19:00:00,528.76
2024-05-17 19:01:00,528.76
2024-05-17 19:02:00,528.83
2024-05-17 19:03:00,528.82
2024-05-17 19:04:00,528.83
2024-05-17 19:05:00,528.7599
2024-05-17 19:06:00,528.78
2024-05-17 19:07:00,528.84
2024-05-17 19:08:00,528.915
2024-05-17 19:09:00,528.9
2024-05-17 19:10:00,528.79
2024-05-17 19:11:00,528.89
2024-05-17 19:12:00,528.93
2024-05-17 19:13:00,528.91
2024-05-17 19:14:00,528.91
2024-05-17 19:15:00,529.0099
2024-05-17 19:16:00,529.07
2024-05-17 19:17:00,529.055
2024-05-17 19:18:00,529.008
2024-05-17 19:19:00,529.04
2024-05-17 19:20:00,529.07
2024-05-17 19:21:00,529.1
2024-05-17 19:22:00,529.235
2024-05-17 19:23:00,529.17
2024-05-17 19:24:00,529.21
2024-05-17 19:25:00,529.24
2024-05-17 19:26:00,529.15
2024-05-17 19:27:00,529.17
2024-05-17 19:28:00,529.09
2024-05-17 19:29:00,529.22
2024-05-17 19:30:00,529.14
2024-05-17 19:31:00,529.095
2024-05-17 19:32:00,529.1
2024-05-17 19:33:00,529.05
2024-05-17 19:34:00,529.09
2024-05-17 19:35:00,529.12
2024-05-17 19:36:00,529.12
2024-05-17 19:37:00,529.26
2024-05-17 19:38:00,529.17
2024-05-17 19:39:00,529.1621
2024-05-17 19:40:00,529.2
2024-05-17 19:41:00,529.205
2024-05-17 19:42:00,529.07
2024-05-17 19:43:00,529.005
2024-05-17 19:44:00,529.0587
2024-05-17 19:45:00,528.98
2024-05-17 19:46:00,529.02
2024-05-17 19:47:00,528.96
2024-05-17 19:48:00,528.975
2024-05-17 19:49:00,528.9186
2024-05-17 19:50:00,529.09
2024-05-17 19:51:00,529.23
2024-05-17 19:52:00,529.2
2024-05-17 19:53:00,529.155
2024-05-17 19:54:00,529.125
2024-05-17 19:55:00,529.1199
2024-05-17 19:56:00,529.09
2024-05-17 19:57:00,529.04
2024-05-17 19:58:00,529.03
2024-05-17 19:59:00,529.43
2024-05-17 20:00:00,529.13
2024-05-17 20:01:00,529.24
2024-05-17 20:02:00,529.14
2024-05-17 20:03:00,529.11
2024-05-17 20:04:00,529.22
2024-05-17 20:05:00,529.2
2024-05-17 20:06:00,529.2601
2024-05-17 20:07:00,529.25
2024-05-17 20:08:00,529.26
2024-05-17 20:09:00,529.24
2024-05-17 20:10:00,529.26
2024-05-17 20:11:00,529.27
2024-05-17 20:12:00,529.27
2024-05-17 20:13:00,529.31
2024-05-17 20:14:00,529.27
2024-05-17 20:15:00,529.29
2024-05-17 20:16:00,529.26
2024-05-17 20:17:00,529.38
2024-05-17 20:18:00,529.33
2024-05-17 20:19:00,529.39
2024-05-17 20:20:00,529.3601
2024-05-17 20:21:00,529.4
2024-05-17 20:22:00,529.42
2024-05-17 20:23:00,529.43
2024-05-17 20:24:00,529.42
2024-05-17 20:25:00,529.43
2024-05-17 20:26:00,529.43
2024-05-17 20:27:00,529.39
2024-05-17 20:28:00,529.4
2024-05-17 20:29:00,529.41
2024-05-17 20:30:00,529.43
2024-05-17 20:31:00,529.44
2024-05-17 20:33:00,529.42
2024-05-17 20:34:00,529.41
2024-05-17 20:35:00,529.38
2024-05-17 20:38:00,529.44
2024-05-17 20:39:00,529.44
2024-05-17 20:41:00,529.44
2024-05-17 20:42:00,529.43
2024-05-17 20:43:00,529.43
2024-05-17 20:44:00,529.46
2024-05-17 20:45:00,529.44
2024-05-17 20:46:00,529.44
2024-05-17 20:47:00,529.44
2024-05-17 20:48:00,529.45
2024-05-17 20:49:00,529.45
2024-05-17 20:50:00,529.44
2024-05-17 20:51:00,529.44
2024-05-17 20:52:00,529.46
2024-05-17 20:54:00,529.479
2024-05-17 20:55:00,529.48
2024-05-17 20:56:00,529.48
2024-05-17 20:57:00,529.46
2024-05-17 20:58:00,529.47
2024-05-17 20:59:00,529.48
2024-05-17 21:00:00,529.48
2024-05-17 21:01:00,529.42
2024-05-17 21:02:00,529.37
2024-05-17 21:03:00,529.37
2024-05-17 21:04:00,529.37
2024-05-17 21:05:00,529.37
2024-05-17 21:06:00,529.37
2024-05-17 21:09:00,529.35
2024-05-17 21:11:00,529.34
2024-05-17 21:12:00,529.34
2024-05-17 21:13:00,529.33
2024-05-17 21:14:00,529.34
2024-05-17 21:15:00,529.33
2024-05-17 21:17:00,529.3202
2024-05-17 21:18:00,529.3
2024-05-17 21:19:00,529.26
2024-05-17 21:20:00,529.3
2024-05-17 21:21:00,529.26
2024-05-17 21:22:00,529.32
2024-05-17 21:23:00,529.37
2024-05-17 21:24:00,529.37
2024-05-17 21:25:00,529.4
2024-05-17 21:26:00,529.37
2024-05-17 21:27:00,529.42
2024-05-17 21:29:00,529.45
2024-05-17 21:30:00,529.43
2024-05-17 21:31:00,529.44
2024-05-17 21:33:00,529.5
2024-05-17 21:34:00,529.56
2024-05-17 21:35:00,529.6
2024-05-17 21:38:00,529.59
2024-05-17 21:39:00,529.6
2024-05-17 21:40:00,529.65
2024-05-17 21:54:00,529.55
2024-05-17 21:55:00,529.5864
2024-05-17 21:56:00,529.5
2024-05-17 21:57:00,529.49
2024-05-17 22:00:00,529.48
2024-05-17 22:02:00,529.5
2024-05-17 22:05:00,529.55
2024-05-17 22:06:00,529.56
2024-05-17 22:07:00,529.61
2024-05-17 22:08:00,529.64
2024-05-17 22:09:00,529.64
2024-05-17 22:10:00,529.64
2024-05-17 22:13:00,529.68
2024-05-17 22:14:00,529.68
2024-05-17 22:15:00,529.68
2024-05-17 22:16:00,529.64
2024-05-17 22:17:00,529.64
2024-05-17 22:18:00,529.7
2024-05-17 22:19:00,529.7
2024-05-17 22:22:00,529.7
2024-05-17 22:23:00,529.7
2024-05-17 22:24:00,529.7
2024-05-17 22:25:00,529.7
2024-05-17 22:27:00,529.7
2024-05-17 22:38:00,529.6884
2024-05-17 22:46:00,529.67
2024-05-17 22:52:00,529.64
2024-05-17 23:01:00,529.61
2024-05-17 23:02:00,529.59
2024-05-17 23:03:00,529.63
2024-05-17 23:05:00,529.59
2024-05-17 23:06:00,529.6
2024-05-17 23:07:00,529.59
2024-05-17 23:12:00,529.59
2024-05-17 23:14:00,529.59
2024-05-17 23:15:00,529.58
2024-05-17 23:16:00,529.59
2024-05-17 23:17:00,529.6194
2024-05-17 23:18:00,529.61
2024-05-17 23:20:00,529.63
2024-05-17 23:30:00,529.67
2024-05-17 23:31:00,529.67
2024-05-17 23:39:00,529.69
2024-05-17 23:44:00,529.68
2024-05-17 23:45:00,529.68
2024-05-17 23:48:00,529.7
2024-05-17 23:49:00,529.68
2024-05-17 23:50:00,529.69
2024-05-17 23:51:00,529.68
2024-05-17 23:53:00,529.7
2024-05-17 23:54:00,529.7
2024-05-17 23:55:00,529.69
2024-05-17 23:56:00,529.67
2024-05-17 23:57:00,529.6
2024-05-17 23:58:00,529.6
2024-05-17 23:59:00,529.6
